<?xml version="1.0" encoding="UTF-8"?>
<project-private xmlns="http://www.netbeans.org/ns/project-private/1">
    <editor-bookmarks xmlns="http://www.netbeans.org/ns/editor-bookmarks/2" lastBookmarkId="0"/>
    <open-files xmlns="http://www.netbeans.org/ns/projectui-open-files/2">
        <group>
            <file>file:/Users/ofcan/NetBeansProjects/StudentGradingSystems/src/models/Grades.java</file>
            <file>file:/Users/ofcan/NetBeansProjects/StudentGradingSystems/src/uı/MainMenu.java</file>
            <file>file:/Users/ofcan/NetBeansProjects/StudentGradingSystems/src/uı/DepartmentFrame.java</file>
            <file>file:/Users/ofcan/NetBeansProjects/StudentGradingSystems/src/uı/CourseFrame.java</file>
            <file>file:/Users/ofcan/NetBeansProjects/StudentGradingSystems/src/uı/StudentFrame.java</file>
            <file>file:/Users/ofcan/NetBeansProjects/StudentGradingSystems/src/uı/AttendanceFrame.java</file>
            <file>file:/Users/ofcan/NetBeansProjects/StudentGradingSystems/src/uı/GradesFrame.java</file>
        </group>
    </open-files>
</project-private>
